player_id,name,international_caps,international_goals,national_team_level,career_injuries,career_days_injured,contract_remaining_days,num_transfers,total_transfer_fees_eur,highest_fee_eur,num_clubs,pl_season_apps,pl_season_goals,pl_season_assists,pl_season_minutes,pl_season_yellows,pl_season_reds,height_cm,foot,years_at_current_club,page_views
502676,Giorgi Mamardashvili,0,0,,1,22,,0,0,0,1,0,6,0,540,0,0,0,,,
105470,Alisson,0,0,,15,313,,0,0,0,1,0,25,0,2250,1,0,0,,,
226049,Freddie Woodman,0,0,,2,206,,0,0,0,1,0,0,0,0,0,0,0,,,
706815,Harvey Davies,0,0,,0,0,,0,0,0,1,0,0,0,0,0,0,0,,,
357119,Ibrahima Konaté,0,0,,13,560,,0,0,0,1,0,29,1,2487,0,0,0,,,
1086619,Giovanni Leoni,0,0,,2,388,,0,0,0,1,0,0,0,0,0,0,0,,,
139208,Virgil van Dijk,0,0,,15,621,,0,0,0,1,0,31,3,2790,0,0,0,,,
256178,Joe Gomez,0,0,,15,723,,0,0,0,1,0,16,0,496,2,0,0,,,
503679,Rhys Williams,0,0,,6,240,,0,0,0,1,2,1,0,90,0,0,0,,,
730861,Milos Kerkez,0,0,,0,0,,0,0,0,1,0,28,2,2036,1,0,0,,,
234803,Andrew Robertson,0,0,,13,241,,0,0,0,1,0,19,0,767,0,0,0,,,
484547,Jeremie Frimpong,0,0,,7,182,,0,0,0,1,0,15,0,753,2,0,0,,,
624258,Conor Bradley,0,0,,7,447,,0,0,0,1,0,15,0,933,2,0,0,,,
633652,Calvin Ramsay,0,0,,4,346,,0,0,0,1,2,14,2,1096,1,0,0,,,
478573,Ryan Gravenberch,0,0,,7,138,,0,0,0,1,0,29,4,2521,3,0,0,,,
146310,Wataru Endo,0,0,,15,296,,0,0,0,1,0,8,0,170,1,0,0,,,
864799,Stefan Bajcetic,0,0,,5,761,,0,0,0,1,0,0,0,0,0,0,0,,,
534033,Alexis Mac Allister,0,0,,5,154,,0,0,0,1,0,30,2,2185,2,0,0,,,
433188,Curtis Jones,0,0,,10,256,,0,0,0,1,0,27,0,1348,1,0,0,,,
1045123,Trey Nyoni,0,0,,0,0,,0,0,0,1,2,6,1,440,3,0,0,,,
598577,Florian Wirtz,0,0,,15,390,,0,0,0,1,0,27,4,2017,3,0,0,,,
451276,Dominik Szoboszlai,0,0,,6,288,,0,0,0,1,0,29,5,2603,3,0,0,,,
434675,Cody Gakpo,0,0,,11,184,,0,0,0,1,0,29,6,2154,3,0,0,,,
1108466,Rio Ngumoha,0,0,,0,0,,0,0,0,1,0,13,1,219,0,0,0,,,
148455,Mohamed Salah,0,0,,0,0,,0,0,0,1,0,22,5,1821,6,0,0,,,
341092,Federico Chiesa,0,0,,15,191,,0,0,0,0,0,23,2,278,1,0,0,,,
349066,Alexander Isak,0,0,,15,451,,0,0,0,1,0,10,2,508,1,0,0,,,
709726,Hugo Ekitiké,0,0,,5,101,,0,0,0,1,0,28,11,1811,4,0,0,,,
315858,Gianluigi Donnarumma,,,,11,141,,0,0,0,1,0,27,0,2430,6,0,,,,
566799,James Trafford,0,0,,0,0,,0,0,0,1,0,3,0,270,0,0,0,,,
116648,Marcus Bettinelli,0,0,,7,557,,0,0,0,1,0,0,0,0,0,0,0,,,
475959,Josko Gvardiol,0,0,,8,274,,0,0,0,1,0,16,2,1304,2,0,0,,,
392757,Marc Guéhi,0,0,,3,116,,0,0,0,1,0,28,2,2520,3,0,0,,,
258004,Rúben Dias,0,0,,0,0,,0,0,0,1,0,25,2,2050,0,0,0,,,
763079,Abdukodir Khusanov,0,0,,1,53,,0,0,0,1,0,15,0,889,0,0,0,,,
186590,John Stones,0,0,,15,451,,0,0,0,1,0,7,0,353,0,0,0,,,
177476,Nathan Aké,0,0,,15,390,,0,0,0,1,0,14,0,488,0,0,0,,,
843595,Max Alleyne,0,0,,1,19,,0,0,0,1,0,2,0,135,0,0,0,,,
743413,Nico O'Reilly,0,0,,2,175,,0,0,0,0,0,28,4,2135,3,0,0,,,
578391,Rayan Aït-Nouri,0,0,,13,279,,0,0,0,1,0,13,0,782,2,0,0,,,
601883,Matheus Nunes,0,0,,4,36,,0,0,0,1,0,27,1,2267,6,0,0,,,
701057,Rico Lewis,0,0,,1,18,,0,0,0,1,0,10,0,312,1,0,0,,,
357565,Rodri,0,0,,8,407,,0,0,0,1,0,18,1,1246,0,0,0,,,
466805,Nico González,0,0,,8,142,,0,0,0,1,0,21,1,1375,0,0,0,,,
460939,Tijjani Reijnders,0,0,,1,12,,0,0,0,1,0,26,5,1499,2,0,0,,,
911736,Sverre Nypan,0,0,,4,87,,0,0,0,1,2,6,3,480,1,0,0,,,
51471,Mateo Kovacic,0,0,,0,0,,0,0,0,1,0,0,0,0,0,0,0,,,
406635,Phil Foden,,,,10,201,,0,0,0,1,0,0,0,0,0,0,,,,
607223,Rayan Cherki,0,0,,0,0,,0,0,0,1,0,0,0,0,0,0,0,,,
241641,Bernardo Silva,0,0,,9,151,,0,0,0,0,0,0,0,0,0,0,0,,,
486049,Jérémy Doku,0,0,,0,0,,0,0,0,1,0,22,1,1231,6,0,0,,,
743591,Savinho,0,0,,6,211,,0,0,0,1,0,17,0,565,2,0,0,,,
583255,Antoine Semenyo,0,0,,4,168,,0,0,0,0,0,29,15,2592,4,0,0,,,
418560,Erling Haaland,0,0,,15,252,,0,0,0,1,0,29,22,2419,7,0,0,,,
445939,Omar Marmoush,0,0,,7,97,,0,0,0,1,0,17,1,573,3,0,0,,,
262749,David Raya,0,0,,2,108,,0,0,0,0,0,31,0,2790,1,0,0,,,
192279,Kepa Arrizabalaga,0,0,,10,207,,0,0,0,0,0,0,0,0,0,0,0,,,
495666,William Saliba,0,0,,9,368,,0,0,0,1,0,25,1,2075,0,0,0,,,
435338,Gabriel,0,0,,8,291,,0,0,0,0,0,0,0,0,0,0,0,,,
659813,Piero Hincapié,0,0,,5,105,,0,0,0,1,0,21,1,1504,2,0,0,,,
646750,Cristhian Mosquera,0,0,,1,40,,0,0,0,1,0,0,0,0,0,0,0,,,
502821,Riccardo Calafiori,0,0,,15,318,,0,0,0,1,0,22,1,1456,2,0,0,,,
890721,Myles Lewis-Skelly,0,0,,1,17,,0,0,0,1,0,14,0,312,0,0,0,,,
420243,Jurriën Timber,0,0,,0,0,,0,0,0,1,0,30,3,2457,6,0,0,,,
335721,Ben White,0,0,,9,211,,0,0,0,1,0,7,0,411,1,0,0,,,
423440,Martín Zubimendi,,,,5,79,,0,0,0,1,0,31,5,2605,1,0,,,,
148367,Christian Nørgaard,,,,13,530,,0,0,0,1,0,6,0,56,0,0,,,,
357662,Declan Rice,0,0,,3,35,,0,0,0,1,0,30,4,2585,7,0,0,,,
338424,Mikel Merino,0,0,,15,415,,0,0,0,1,0,21,4,999,3,0,0,,,
316264,Martin Ødegaard,0,0,,0,0,,0,0,0,0,0,20,1,1078,6,0,0,,,
479999,Eberechi Eze,0,0,,8,287,,0,0,0,1,0,26,6,1504,2,0,0,,,
655488,Gabriel Martinelli,0,0,,9,332,,0,0,0,1,0,25,1,846,3,0,0,,,
144028,Leandro Trossard,0,0,,12,299,,0,0,0,1,0,26,5,1687,5,0,0,,,
433177,Bukayo Saka,0,0,,12,229,,0,0,0,1,0,27,6,2002,5,0,0,,,
503987,Noni Madueke,0,0,,13,421,,0,0,0,1,0,20,2,899,1,0,0,,,
1187629,Max Dowman,0,0,,1,79,,0,0,0,1,0,3,1,43,1,0,0,,,
325443,Viktor Gyökeres,0,0,,4,98,,0,0,0,1,0,29,11,1901,0,0,0,,,
309400,Kai Havertz,0,0,,15,376,,0,0,0,1,0,6,0,264,1,0,0,,,
363205,Gabriel Jesus,0,0,,15,641,,0,0,0,1,0,11,2,306,0,0,0,,,
403151,Robert Sánchez,0,0,,5,162,,0,0,0,1,0,29,0,2525,3,1,0,,,
585323,Filip Jørgensen,0,0,,3,43,,0,0,0,1,0,3,0,264,0,0,0,,,
656316,Gabriel Slonina,0,0,,2,96,,0,0,0,1,2,1,0,90,1,0,0,,,
731466,Teddy Sharman-Lowe,0,0,,0,0,,0,0,0,1,2,1,0,90,0,0,0,,,
614258,Levi Colwill,0,0,,8,491,,0,0,0,1,0,0,0,0,0,0,0,,,
346314,Trevoh Chalobah,0,0,,13,373,,0,0,0,1,0,29,3,2552,0,0,0,,,
475411,Wesley Fofana,0,0,,15,1044,,0,0,0,1,0,19,0,1277,1,1,0,,,
910905,Mamadou Sarr,0,0,,6,87,,0,0,0,1,0,2,0,92,0,0,0,,,
258878,Tosin Adarabioyo,0,0,,7,208,,0,0,0,1,0,0,0,0,0,0,0,,,
463603,Benoît Badiashile,0,0,,15,642,,0,0,0,1,0,8,0,471,0,0,0,,,
284857,Marc Cucurella,0,0,,7,237,,0,0,0,1,0,27,1,2080,3,0,0,,,
904802,Jorrel Hato,0,0,,1,12,,0,0,0,1,0,16,0,640,0,0,0,,,
746833,Caleb Wiley,0,0,,6,342,,0,0,0,1,0,0,0,0,0,0,0,,,
472423,Reece James,0,0,,15,505,,0,0,0,1,0,27,2,1896,5,0,0,,,
620322,Malo Gusto,0,0,,15,236,,0,0,0,1,0,28,2,1744,3,1,0,,,
1004708,Josh Acheampong,0,0,,1,6,,0,0,0,1,0,12,1,572,0,0,0,,,
687626,Moisés Caicedo,0,0,,4,38,,0,0,0,1,0,26,3,2185,1,0,0,,,
628451,Roméo Lavia,0,0,,12,666,,0,0,0,1,0,8,0,221,0,0,0,,,
670717,Dário Essugo,0,0,,4,218,,0,0,0,1,2,1,0,90,0,0,0,,,
648195,Enzo Fernández,0,0,,7,85,,0,0,0,1,0,30,8,2583,3,0,0,,,
743600,Andrey Santos,0,0,,1,16,,0,0,0,1,0,23,0,1003,0,0,0,,,
568177,Cole Palmer,0,0,,10,251,,0,0,0,1,0,20,9,1426,1,0,0,,,
811779,Alejandro Garnacho,0,0,,1,54,,0,0,0,1,0,20,1,1125,4,0,0,,,
670882,Jamie Gittens,0,0,,11,426,,0,0,0,1,0,16,0,490,2,0,0,,,
537860,Mykhaylo Mudryk,0,0,,8,62,,0,0,0,1,0,0,0,0,0,0,0,,,
1056993,Estêvão,0,0,,6,94,,0,0,0,1,0,0,0,0,0,0,0,,,
487465,Pedro Neto,0,0,,13,671,,0,0,0,1,0,29,5,2219,4,1,0,,,
626724,João Pedro,0,0,,5,160,,0,0,0,1,0,31,14,2323,8,0,0,,,
610849,Liam Delap,0,0,,4,175,,0,0,0,1,0,22,1,791,1,0,0,,,
938158,Marc Guiu,0,0,,3,108,,0,0,0,1,0,9,0,248,1,0,0,,,
286047,Guglielmo Vicario,0,0,,5,216,,0,0,0,1,0,30,0,2700,1,0,0,,,
725912,Antonín Kinský,0,0,,0,0,,0,0,0,1,0,0,0,0,0,0,0,,,
428016,Brandon Austin,0,0,,0,0,,0,0,0,1,0,0,0,0,0,0,0,,,
557459,Micky van de Ven,0,0,,13,403,,0,0,0,1,0,27,4,2368,1,0,0,,,
355915,Cristian Romero,0,0,,15,331,,0,0,0,1,0,21,4,1713,1,1,0,,,
568559,Radu Drăgușin,0,0,,4,357,,0,0,0,1,0,8,0,514,0,0,0,,,
263236,Kevin Danso,0,0,,14,321,,0,0,0,1,0,16,0,841,0,0,0,,,
192765,Ben Davies,0,0,,15,532,,0,0,0,1,0,3,1,138,0,0,0,,,
556385,Destiny Udogie,0,0,,15,407,,0,0,0,1,0,13,0,797,1,0,0,,,
483348,Djed Spence,0,0,,6,155,,0,0,0,1,0,23,0,1767,0,0,0,,,
1086258,Souza,0,0,,2,243,,0,0,0,1,0,4,0,144,0,0,0,,,
553875,Pedro Porro,0,0,,13,286,,0,0,0,1,0,26,0,2078,2,0,0,,,
354362,Rodrigo Bentancur,0,0,,13,550,,0,0,0,1,0,20,1,1415,1,0,0,,,
257455,João Palhinha,0,0,,8,163,,0,0,0,1,0,26,3,1780,2,0,0,,,
410425,Yves Bissouma,0,0,,9,441,,0,0,0,1,0,8,0,463,0,0,0,,,
866246,Lucas Bergvall,0,0,,5,156,,0,0,0,1,0,17,1,809,2,0,0,,,
922693,Archie Gray,0,0,,1,25,,0,0,0,1,0,21,2,1377,2,0,0,,,
488362,Conor Gallagher,0,0,,1,5,,0,0,0,1,0,0,0,0,0,0,0,,,
568693,Pape Matar Sarr,0,0,,3,30,,0,0,0,1,0,22,2,1322,3,0,0,,,
566931,Xavi Simons,0,0,,1,70,,0,0,0,1,0,25,1,1599,4,0,0,,,
431755,Dejan Kulusevski,0,0,,8,478,,0,0,0,1,0,0,0,0,0,0,0,,,
294057,James Maddison,0,0,,15,655,,0,0,0,1,0,0,0,0,0,0,0,,,
743498,Wilson Odobert,0,0,,3,187,,0,0,0,0,0,24,0,981,2,0,0,,,
543499,Mohammed Kudus,0,0,,10,427,,0,0,0,1,0,19,2,1546,6,0,0,,,
258889,Dominic Solanke,0,0,,13,462,,0,0,0,1,0,12,3,781,0,0,0,,,
378710,Richarlison,0,0,,15,509,,0,0,0,1,0,26,9,1505,3,0,0,,,
801734,Mathys Tel,0,0,,5,33,,0,0,0,1,0,24,3,898,0,0,0,,,
487969,Randal Kolo Muani,0,0,,0,0,,0,0,0,1,0,23,1,1235,1,0,0,,,
503883,Senne Lammens,0,0,,1,12,,0,0,0,1,0,25,0,2250,0,0,0,,,
336077,Altay Bayındır,0,0,,10,342,,0,0,0,1,0,6,0,540,0,0,0,,,
34130,Tom Heaton,0,0,,7,727,,0,0,0,1,0,0,0,0,0,0,0,,,
923831,Leny Yoro,0,0,,4,158,,0,0,0,1,0,28,0,1615,1,0,0,,,
326031,Matthijs de Ligt,0,0,,15,330,,0,0,0,1,0,13,1,1170,0,0,0,,,
480762,Lisandro Martínez,0,0,,0,0,,0,0,0,1,0,14,0,905,0,0,0,,,
1078163,Ayden Heaven,0,0,,1,62,,0,0,0,0,0,14,0,653,1,0,0,,,
177907,Harry Maguire,0,0,,14,364,,0,0,0,1,0,18,1,1205,1,0,0,,,
911424,Tyler Fredricson,0,0,,0,0,,0,0,0,1,2,3,0,172,0,0,0,,,
926952,Patrick Dorgu,0,0,,2,86,,0,0,0,1,0,22,3,1333,3,0,0,,,
183288,Luke Shaw,0,0,,15,740,,0,0,0,1,0,31,0,2628,1,0,0,,,
339340,Tyrell Malacia,0,0,,0,0,,0,0,0,1,0,2,0,7,0,0,0,,,
1283997,Diego León,0,0,,0,0,,0,0,0,1,2,11,1,844,0,0,0,,,
357147,Diogo Dalot,0,0,,9,379,,0,0,0,1,0,29,1,2236,3,0,0,,,
340456,Noussair Mazraoui,0,0,,15,289,,0,0,0,1,0,15,0,615,0,0,0,,,
476701,Manuel Ugarte,0,0,,5,51,,0,0,0,1,0,21,0,791,0,0,0,,,
16306,Casemiro,0,0,,11,268,,0,0,0,0,0,29,7,2148,2,1,0,,,
820374,Kobbie Mainoo,0,0,,5,197,,0,0,0,1,0,22,0,1114,2,0,0,,,
240306,Bruno Fernandes,0,0,,5,46,,0,0,0,1,0,28,8,2438,16,0,0,,,
346483,Mason Mount,0,0,,15,442,,0,0,0,1,0,0,0,0,0,0,0,,,
413039,Bryan Mbeumo,0,0,,2,104,,0,0,0,1,0,0,0,0,0,0,0,,,
536835,Amad Diallo,0,0,,5,273,,0,0,0,0,0,25,2,1921,3,0,0,,,
517894,Matheus Cunha,0,0,,12,242,,0,0,0,1,0,28,7,2075,3,0,0,,,
627442,Benjamin Sesko,0,0,,4,94,,0,0,0,1,0,26,9,1334,1,0,0,,,
435648,Joshua Zirkzee,0,0,,11,291,,0,0,0,1,0,18,2,510,1,0,0,,,
1042886,Chido Obi,0,0,,0,0,,0,0,0,1,2,16,9,804,0,0,0,,,
427568,Aaron Ramsdale,0,0,,4,60,,0,0,0,1,0,10,0,823,1,0,0,,,
192080,Nick Pope,0,0,,10,493,,0,0,0,1,0,22,0,1967,1,0,0,,,
142389,Mark Gillespie,0,0,,2,270,,0,0,0,1,0,0,0,0,0,0,0,,,
29712,John Ruddy,0,0,,1,141,,0,0,0,1,0,0,0,0,0,0,0,,,
521964,Malick Thiaw,0,0,,8,166,,0,0,0,1,0,28,4,2334,0,0,0,,,
361093,Sven Botman,0,0,,11,610,,0,0,0,0,0,18,1,1209,1,0,0,,,
135343,Fabian Schär,0,0,,15,399,,0,0,0,0,0,16,0,1091,0,0,0,,,
134270,Dan Burn,0,0,,8,281,,0,0,0,1,0,23,0,1814,3,1,0,,,
670858,Lewis Hall,0,0,,2,190,,0,0,0,1,0,24,1,1753,1,0,0,,,
900601,Alex Murphy,0,0,,0,0,,0,0,0,1,2,6,0,450,0,0,0,,,
503981,Tino Livramento,0,0,,9,570,,0,0,0,1,0,15,0,1164,1,0,0,,,
95810,Kieran Trippier,0,0,,12,407,,0,0,0,1,0,18,0,1461,1,0,0,,,
184528,Emil Krafth,0,0,,0,0,,0,0,0,1,0,1,0,45,0,0,0,,,
397033,Sandro Tonali,0,0,,12,84,,0,0,0,1,0,29,0,2046,2,0,0,,,
520624,Bruno Guimarães,0,0,,4,92,,0,0,0,1,0,23,9,2021,5,0,0,,,
503749,Jacob Ramsey,0,0,,8,399,,0,0,0,1,0,21,2,1077,1,1,0,,,
333241,Joelinton,0,0,,0,0,,0,0,0,1,0,24,2,1692,1,0,0,,,
922769,Lewis Miley,0,0,,4,227,,0,0,0,1,0,19,1,1134,3,0,0,,,
340329,Joe Willock,0,0,,12,354,,0,0,0,1,0,20,0,699,1,0,0,,,
503733,Anthony Gordon,0,0,,8,100,,0,0,0,1,0,25,6,1743,2,0,0,,,
398065,Harvey Barnes,0,0,,7,378,,0,0,0,1,0,30,5,1657,0,0,0,,,
583189,Anthony Elanga,0,0,,1,26,,0,0,0,1,0,27,0,1217,1,0,0,,,
199527,Jacob Murphy,0,0,,3,123,,0,0,0,1,0,26,3,1247,1,0,0,,,
455661,Nick Woltemade,0,0,,7,208,,0,0,0,1,0,27,7,1676,3,0,0,,,
388165,Yoane Wissa,0,0,,0,0,,0,0,0,1,0,13,1,426,0,0,0,,,
609556,William Osula,0,0,,1,78,,0,0,0,0,0,0,0,0,0,0,0,,,
432914,John Victor,0,0,,5,281,,0,0,0,1,0,5,0,438,1,0,0,,,
85941,Stefan Ortega,0,0,,7,133,,0,0,0,1,0,3,0,270,0,0,0,,,
127202,Matz Sels,0,0,,4,234,,0,0,0,1,0,0,0,0,0,0,0,,,
201574,Angus Gunn,0,0,,2,118,,0,0,0,1,0,1,0,45,0,0,0,,,
1005649,Murillo,0,0,,2,26,,0,0,0,1,0,23,1,2001,0,0,0,,,
413507,Nikola Milenković,0,0,,8,64,,0,0,0,1,0,0,0,0,0,0,0,,,
673492,Morato,0,0,,2,71,,0,0,0,1,0,15,0,939,0,0,0,,,
984096,Jair Cunha,0,0,,3,285,,0,0,0,1,0,3,0,214,0,0,0,,,
933017,Zach Abbott,0,0,,0,0,,0,0,0,1,2,9,0,810,0,0,0,,,
142310,Willy Boly,0,0,,10,439,,0,0,0,1,0,0,0,0,0,0,0,,,
503680,Neco Williams,0,0,,12,172,,0,0,0,1,0,30,1,2621,3,0,0,,,
524285,Luca Netz,0,0,,9,328,,0,0,0,1,0,0,0,0,0,0,0,,,
236490,Ola Aina,0,0,,10,361,,0,0,0,1,0,15,0,1321,0,0,0,,,
708072,Nicolò Savona,0,0,,8,333,,0,0,0,1,0,14,2,1026,0,0,0,,,
897481,Eric da Silva Moreira,0,0,,0,0,,0,0,0,1,2,9,0,690,0,0,0,,,
375885,Ibrahim Sangaré,,,,7,240,,0,0,0,1,0,23,2,1770,2,0,,,,
567576,Elliot Anderson,0,0,,2,141,,0,0,0,1,0,31,2,2775,2,0,0,,,
497291,Nicolás Domínguez,0,0,,9,297,,0,0,0,1,0,20,1,940,0,0,0,,,
425902,Ryan Yates,0,0,,3,124,,0,0,0,1,0,16,0,406,1,0,0,,,
429014,Morgan Gibbs-White,0,0,,5,264,,0,0,0,1,0,31,9,2650,2,0,0,,,
741238,Omari Hutchinson,0,0,,4,47,,0,0,0,1,0,24,1,1280,5,0,0,,,
583199,James McAtee,0,0,,0,0,,0,0,0,1,0,10,0,174,0,0,0,,,
392768,Callum Hudson-Odoi,0,0,,15,322,,0,0,0,1,0,29,3,1758,3,0,0,,,
365108,Dan Ndoye,0,0,,13,190,,0,0,0,1,0,23,1,1175,1,0,0,,,
540664,Dilane Bakwa,0,0,,2,72,,0,0,0,1,0,10,0,344,1,0,0,,,
572265,Lorenzo Lucca,0,0,,5,128,,0,0,0,1,0,3,1,120,0,0,0,,,
432164,Igor Jesus,0,0,,0,0,,0,0,0,1,0,30,3,1812,3,0,0,,,
295313,Taiwo Awoniyi,0,0,,10,615,,0,0,0,1,0,12,2,268,0,0,0,,,
108725,Chris Wood,0,0,,15,495,,0,0,0,1,0,8,2,545,0,0,0,,,
111873,Emiliano Martínez,0,0,,7,41,,0,0,0,1,0,27,0,2385,2,0,0,,,
124884,Marco Bizot,0,0,,2,95,,0,0,0,1,0,5,0,405,1,0,0,,,
413403,Ezri Konsa,,,,7,133,,0,0,0,1,0,0,0,0,0,0,,,,
399776,Pau Torres,0,0,,0,0,,0,0,0,1,0,0,0,0,0,0,0,,,
184573,Victor Lindelöf,,,,14,318,,0,0,0,0,0,12,0,572,1,0,,,,
253677,Tyrone Mings,0,0,,0,0,,0,0,0,1,0,13,0,963,1,0,0,,,
485585,Ian Maatsen,,,,4,44,,0,0,0,1,0,24,0,1258,1,0,,,,
126664,Lucas Digne,0,0,,15,277,,0,0,0,1,0,26,0,1558,4,0,0,,,
425334,Matty Cash,,,,14,317,,0,0,0,1,0,28,3,2447,2,0,,,,
1063329,Andrés García,0,0,,3,272,,0,0,0,1,0,4,0,37,0,0,0,,,
485706,Amadou Onana,0,0,,11,214,,0,0,0,0,0,22,2,1567,0,0,0,,,
394327,Boubacar Kamara,0,0,,13,668,,0,0,0,0,0,0,0,0,0,0,0,,,
645686,Lamare Bogarde,0,0,,0,0,,0,0,0,1,0,0,0,0,0,0,0,,,
249565,Youri Tielemans,,,,10,361,,0,0,0,0,0,18,0,1322,4,0,,,,
447661,Douglas Luiz,,,,0,0,,0,0,0,0,0,0,0,0,0,0,,,,
193116,John McGinn,,,,0,0,,0,0,0,0,0,24,4,1735,3,0,,,,
131978,Ross Barkley,0,0,,14,587,,0,0,0,0,0,14,2,393,0,0,0,,,
503743,Morgan Rogers,0,0,,1,27,,0,0,0,1,0,31,8,2757,5,0,0,,,
565822,Harvey Elliott,0,0,,4,237,,0,0,0,1,0,0,0,0,0,0,0,,,
321247,Emiliano Buendía,0,0,,6,520,,0,0,0,0,0,29,5,1458,2,0,0,,,
401173,Jadon Sancho,0,0,,15,249,,0,0,0,1,0,19,0,761,2,0,0,,,
387626,Leon Bailey,0,0,,15,347,,0,0,0,1,0,9,0,336,1,0,0,,,
1005583,Alysson,0,0,,4,77,,0,0,0,1,0,3,0,47,0,0,0,,,
324358,Ollie Watkins,0,0,,4,50,,0,0,0,1,0,30,9,2306,1,0,0,,,
331726,Tammy Abraham,0,0,,15,537,,0,0,0,1,0,8,1,195,0,0,0,,,
258919,Dean Henderson,0,0,,6,322,,0,0,0,1,0,29,0,2610,3,0,0,,,
296802,Walter Benítez,0,0,,4,162,,0,0,0,1,0,1,0,90,0,0,0,,,
196722,Remi Matthews,0,0,,2,96,,0,0,0,1,0,0,0,0,0,0,0,,,
434224,Maxence Lacroix,0,0,,3,88,,0,0,0,1,0,0,0,0,0,0,0,,,
578539,Chris Richards,0,0,,12,422,,0,0,0,1,0,26,1,2333,0,0,0,,,
1006411,Jaydee Canvot,0,0,,0,0,,0,0,0,1,0,13,0,704,0,0,0,,,
689637,Chadi Riad,0,0,,0,0,,0,0,0,1,0,6,0,314,1,0,0,,,
730893,Tyrick Mitchell,0,0,,5,229,,0,0,0,1,0,30,1,2670,1,0,0,,,
293194,Borna Sosa,0,0,,15,213,,0,0,0,1,0,5,0,53,0,0,0,,,
1047257,Rio Cardines,0,0,,2,76,,0,0,0,1,2,8,1,593,2,0,0,,,
493003,Daniel Muñoz,0,0,,4,85,,0,0,0,1,0,21,3,1782,2,0,0,,,
1047261,Caleb Kporha,0,0,,1,252,,0,0,0,1,2,2,0,90,0,0,0,,,
85177,Nathaniel Clyne,0,0,,8,703,,0,0,0,1,0,8,0,499,1,0,0,,,
744149,Adam Wharton,0,0,,3,108,,0,0,0,1,0,0,0,0,0,0,0,,,
543387,Cheick Doucouré,0,0,,6,672,,0,0,0,1,2,3,0,178,0,0,0,,,
262980,Jefferson Lerma,0,0,,15,305,,0,0,0,1,0,0,0,0,0,0,0,,,
860078,Kaden Rodney,0,0,,0,0,,0,0,0,1,2,14,3,1159,0,0,0,,,
207014,Will Hughes,0,0,,12,509,,0,0,0,1,0,27,0,1295,0,0,0,,,
356141,Daichi Kamada,0,0,,12,171,,0,0,0,1,0,20,0,1489,1,0,0,,,
747009,Justin Devenny,0,0,,1,12,,0,0,0,1,0,0,0,0,0,0,0,,,
410225,Ismaïla Sarr,0,0,,11,347,,0,0,0,0,0,20,7,1730,1,0,0,,,
568157,Yéremy Pino,0,0,,5,342,,0,0,0,1,0,27,2,1731,1,0,0,,,
470607,Brennan Johnson,0,0,,3,57,,0,0,0,1,0,27,2,1232,1,0,0,,,
500689,Evann Guessand,0,0,,2,12,,0,0,0,1,0,19,1,887,1,0,0,,,
429983,Jørgen Strand Larsen,0,0,,6,104,,0,0,0,1,0,28,4,1873,1,0,0,,,
420002,Jean-Philippe Mateta,0,0,,4,194,,0,0,0,1,0,24,8,1945,0,0,0,,,
1124005,Christantus Uche,0,0,,0,0,,0,0,0,1,0,14,0,159,1,0,0,,,
340324,Eddie Nketiah,0,0,,6,326,,0,0,0,1,0,12,2,416,0,0,0,,,
465555,Djordje Petrovic,0,0,,0,0,,0,0,0,1,0,31,0,2790,2,0,0,,,
481675,Christos Mandas,0,0,,2,50,,0,0,0,1,0,0,0,0,0,0,0,,,
52570,Fraser Forster,0,0,,6,577,,0,0,0,1,0,0,0,0,0,0,0,,,
463605,Bafodé Diakité,0,0,,8,270,,0,0,0,1,0,18,0,1275,0,0,0,,,
469781,Marcos Senesi,,,,0,0,,0,0,0,1,0,30,0,2660,4,0,,,,
989112,Veljko Milosavljevic,0,0,,3,77,,0,0,0,1,0,7,0,367,0,0,0,,,
611793,James Hill,0,0,,4,265,,0,0,0,0,0,22,0,1474,3,0,0,,,
994604,Matai Akinmboni,0,0,,2,151,,0,0,0,1,0,2,0,90,0,0,0,,,
654539,Adrien Truffert,0,0,,2,103,,0,0,0,1,0,31,0,2750,3,0,0,,,
1009658,Julio Soler,0,0,,3,93,,0,0,0,1,0,3,0,34,0,0,0,,,
741257,Álex Jiménez,0,0,,2,62,,0,0,0,1,0,27,1,1966,0,0,0,,,
61841,Adam Smith,0,0,,15,470,,0,0,0,1,0,18,0,809,1,0,0,,,
332705,Tyler Adams,0,0,,15,544,,0,0,0,1,0,18,2,1421,1,0,0,,,
855256,Alex Scott,0,0,,0,0,,0,0,0,1,0,31,2,2320,1,0,0,,,
249089,Lewis Cook,0,0,,10,929,,0,0,0,1,0,16,0,870,1,0,0,,,
998101,Alex Tóth,0,0,,0,0,,0,0,0,1,0,4,0,72,0,0,0,,,
188077,Ryan Christie,0,0,,14,421,,0,0,0,1,0,0,0,0,0,0,0,,,
330659,Justin Kluivert,0,0,,14,371,,0,0,0,1,0,18,2,922,0,0,0,,,
399434,Marcus Tavernier,0,0,,7,299,,0,0,0,1,0,27,5,2130,4,0,0,,,
532776,Amine Adli,0,0,,4,288,,0,0,0,1,0,27,3,1032,2,0,0,,,
719673,Ben Gannon-Doak,0,0,,4,442,,0,0,0,1,0,5,0,56,1,0,0,,,
277033,David Brooks,0,0,,15,998,,0,0,0,1,0,25,1,1051,2,0,0,,,
955357,Junior Kroupi,,,,1,24,,0,0,0,0,0,26,9,1161,0,0,,,,
1012564,Rayan,0,0,,1,12,,0,0,0,1,0,8,2,627,1,0,0,,,
711337,Evanilson,0,0,,10,213,,0,0,0,1,0,29,6,2209,1,0,0,,,
251106,Enes Ünal,,,,12,775,,0,0,0,1,0,17,1,173,0,0,,,,
565093,Bart Verbruggen,0,0,,1,3,,0,0,0,1,0,31,0,2790,3,0,0,,,
73564,Jason Steele,0,0,,5,264,,0,0,0,0,0,0,0,0,0,0,0,,,
406556,Tom McGill,0,0,,0,0,,0,0,0,0,0,0,0,0,0,0,0,,,
576314,Jan Paul van Hecke,0,0,,5,79,,0,0,0,1,0,29,3,2581,2,0,0,,,
318508,Olivier Boscagli,0,0,,6,403,,0,0,0,1,0,8,0,440,1,0,0,,,
380350,Igor Julio,0,0,,6,246,,0,0,0,1,0,4,0,103,0,0,0,,,
212847,Adam Webster,0,0,,15,742,,0,0,0,1,0,0,0,0,0,0,0,,,
148153,Lewis Dunk,0,0,,6,151,,0,0,0,1,0,29,0,2565,0,0,0,,,
369316,Ferdi Kadıoğlu,0,0,,15,387,,0,0,0,1,0,30,0,2504,0,0,0,,,
429915,Maxim De Cuyper,0,0,,7,67,,0,0,0,1,0,24,2,1154,0,0,0,,,
111195,Joël Veltman,0,0,,15,646,,0,0,0,1,0,0,0,0,0,0,0,,,
973085,Carlos Baleba,0,0,,1,8,,0,0,0,1,0,25,0,1288,0,0,0,,,
415381,Mats Wieffer,0,0,,10,323,,0,0,0,1,0,21,0,1575,3,0,0,,,
867688,Jack Hinshelwood,0,0,,5,342,,0,0,0,1,0,20,1,1179,4,0,0,,,
667287,Yasin Ayari,0,0,,5,45,,0,0,0,1,0,24,3,1723,2,0,0,,,
996897,Diego Gómez,0,0,,3,111,,0,0,0,1,0,0,0,0,0,0,0,,,
406634,Matt O'Riley,0,0,,2,105,,0,0,0,1,0,4,1,187,0,0,0,,,
82873,Pascal Groß,0,0,,6,167,,0,0,0,1,0,12,1,1007,1,0,0,,,
3333,James Milner,0,0,,15,628,,0,0,0,1,0,19,1,719,1,0,0,,,
504849,Kaoru Mitoma,0,0,,9,318,,0,0,0,1,0,20,2,1427,1,0,0,,,
1012534,Yankuba Minteh,0,0,,3,72,,0,0,0,1,0,0,0,0,0,0,0,,,
209212,Solly March,0,0,,15,1081,,0,0,0,1,0,1,0,4,0,0,0,,,
538977,Georginio Rutter,,,,5,126,,0,0,0,1,0,25,2,1613,3,0,,,,
1060087,Charalampos Kostoulas,0,0,,6,101,,0,0,0,1,0,16,2,294,1,0,0,,,
950091,Stefanos Tzimas,0,0,,4,432,,0,0,0,1,0,9,1,132,1,0,0,,,
67063,Danny Welbeck,0,0,,15,884,,0,0,0,1,0,30,12,1829,0,0,0,,,
340918,Caoimhín Kelleher,0,0,,3,121,,0,0,0,1,0,30,0,2700,1,0,0,,,
488935,Hákon Valdimarsson,0,0,,0,0,,0,0,0,1,0,1,0,90,0,0,0,,,
456292,Ellery Balcombe,0,0,,0,0,,0,0,0,1,0,0,0,0,0,0,0,,,
1008553,Julian Eyestone,0,0,,0,0,,0,0,0,1,0,2,0,180,0,0,0,,,
541231,Sepp van den Berg,0,0,,9,359,,0,0,0,1,0,0,0,0,0,0,0,,,
469050,Nathan Collins,0,0,,5,138,,0,0,0,1,0,28,1,2342,2,0,0,,,
328658,Kristoffer Ajer,0,0,,15,341,,0,0,0,1,0,24,0,1627,1,0,0,,,
442248,Ethan Pinnock,0,0,,4,156,,0,0,0,1,0,4,0,321,0,0,0,,,
339556,Rico Henry,0,0,,8,1264,,0,0,0,1,0,25,0,1329,0,0,0,,,
823486,Michael Kayode,0,0,,3,66,,0,0,0,1,0,30,1,2634,0,0,0,,,
591949,Aaron Hickey,0,0,,13,873,,0,0,0,1,0,18,0,594,0,0,0,,,
270171,Vitaly Janelt,0,0,,6,426,,0,0,0,1,0,22,1,1255,4,0,0,,,
61651,Jordan Henderson,0,0,,15,292,,0,0,0,1,0,29,1,1823,3,0,0,,,
717411,Yegor Yarmolyuk,0,0,,3,57,,0,0,0,1,0,31,1,2139,2,0,0,,,
319859,Mathias Jensen,0,0,,7,341,,0,0,0,1,0,29,2,1656,1,0,0,,,
340321,Josh Dasilva,0,0,,4,1374,,0,0,0,1,0,0,0,0,0,0,0,,,
644401,Keane Lewis-Potter,0,0,,3,116,,0,0,0,1,0,29,3,1341,2,0,0,,,
540941,Mikkel Damsgaard,0,0,,6,302,,0,0,0,0,0,26,3,1578,4,0,0,,,
683620,Antoni Milambo,0,0,,11,480,,0,0,0,1,0,1,0,45,0,0,0,,,
559263,Fábio Carvalho,,,,8,478,,0,0,0,1,0,0,0,0,0,0,,,,
473050,Kevin Schade,0,0,,4,466,,0,0,0,1,0,28,7,2218,3,0,0,,,
340325,Reiss Nelson,0,0,,15,588,,0,0,0,1,0,7,0,55,0,0,0,,,
823231,Dango Ouattara,0,0,,6,212,,0,0,0,1,0,25,5,1720,7,0,0,,,
1091562,Romelle Donovan,0,0,,0,0,,0,0,0,1,0,4,0,38,1,0,0,,,
739443,Igor Thiago,0,0,,5,344,,0,0,0,1,0,31,19,2657,1,0,0,,,
1011936,Kaye Furo,,,,0,0,,0,0,0,1,0,0,0,0,0,0,,,,
130164,Jordan Pickford,0,0,,4,120,,0,0,0,1,0,0,0,0,0,0,0,,,
357658,Mark Travers,0,0,,0,0,,0,0,0,1,0,0,0,0,0,0,0,,,
215810,Tom King,0,0,,0,0,,0,0,0,1,0,0,0,0,0,0,0,,,
661053,Jarrad Branthwaite,0,0,,11,440,,0,0,0,1,0,8,1,504,1,0,0,,,
173504,James Tarkowski,0,0,,10,272,,0,0,0,1,0,30,1,2700,1,0,0,,,
118534,Michael Keane,0,0,,6,59,,0,0,0,1,0,27,3,2137,0,0,0,,,
404842,Vitaliy Mykolenko,0,0,,15,256,,0,0,0,1,0,26,0,2331,1,0,0,,,
938146,Adam Aznou,0,0,,2,171,,0,0,0,1,0,0,0,0,0,0,0,,,
711544,Jake O'Brien,0,0,,0,0,,0,0,0,1,0,30,0,2549,1,0,0,,,
424015,Nathan Patterson,0,0,,10,406,,0,0,0,1,0,6,0,239,0,0,0,,,
68390,Séamus Coleman,0,0,,15,735,,0,0,0,1,0,0,0,0,0,0,0,,,
505219,James Garner,0,0,,3,201,,0,0,0,1,0,31,2,2784,6,0,0,,,
126665,Idrissa Gueye,,,,12,153,,0,0,0,1,0,22,2,1852,2,0,,,,
475188,Kiernan Dewsbury-Hall,0,0,,3,67,,0,0,0,1,0,0,0,0,0,0,0,,,
748319,Carlos Alcaraz,0,0,,4,106,,0,0,0,1,0,16,0,673,1,0,0,,,
696589,Tim Iroegbunam,0,0,,2,125,,0,0,0,1,0,0,0,0,0,0,0,,,
1107733,Harrison Armstrong,0,0,,0,0,,0,0,0,1,0,11,0,499,0,0,0,,,
608832,Merlin Röhl,0,0,,10,287,,0,0,0,1,0,12,0,358,0,0,0,,,
203460,Jack Grealish,0,0,,0,0,,0,0,0,1,0,20,2,1632,6,1,0,,,
936874,Tyrique George,,,,0,0,,0,0,0,1,0,0,0,0,0,0,,,,
584769,Dwight McNeil,0,0,,6,191,,0,0,0,1,0,18,0,948,1,0,0,,,
623570,Iliman Ndiaye,0,0,,1,50,,0,0,0,1,0,25,6,2159,3,0,0,,,
866655,Tyler Dibling,0,0,,3,80,,0,0,0,1,0,14,0,350,0,0,0,,,
937941,Thierno Barry,0,0,,0,0,,0,0,0,1,0,31,6,1645,0,0,0,,,
595809,Beto,,,,4,81,,0,0,0,1,0,31,6,1205,1,0,,,,
72476,Bernd Leno,0,0,,6,148,,0,0,0,1,0,31,0,2790,3,0,0,,,
127181,Benjamin Lecomte,0,0,,7,280,,0,0,0,1,0,0,0,0,0,0,0,,,
461883,Calvin Bassey,0,0,,2,14,,0,0,0,1,0,23,1,1902,1,0,0,,,
260827,Joachim Andersen,0,0,,9,183,,0,0,0,1,0,28,0,2472,1,0,0,,,
272622,Issa Diop,0,0,,13,329,,0,0,0,0,0,10,0,593,0,0,0,,,
494880,Jorge Cuenca,0,0,,6,167,,0,0,0,1,0,14,0,934,0,0,0,,,
349701,Antonee Robinson,0,0,,15,331,,0,0,0,1,0,15,0,1045,0,0,0,,,
392775,Ryan Sessegnon,0,0,,14,863,,0,0,0,1,0,0,0,0,0,0,0,,,
206746,Kenny Tete,0,0,,15,541,,0,0,0,1,0,22,1,1795,0,0,0,,,
262226,Timothy Castagne,0,0,,9,406,,0,0,0,1,0,23,0,1219,0,0,0,,,
333014,Sander Berge,0,0,,10,628,,0,0,0,1,0,31,0,2596,1,0,0,,,
245056,Saša Lukić,0,0,,15,270,,0,0,0,1,0,20,1,1239,3,0,0,,,
226973,Harrison Reed,0,0,,15,266,,0,0,0,1,0,6,1,26,0,0,0,,,
123275,Tom Cairney,0,0,,15,503,,0,0,0,1,0,20,1,551,0,0,0,,,
392765,Emile Smith Rowe,0,0,,15,511,,0,0,0,1,0,30,3,1466,0,0,0,,,
1011131,Josh King,0,0,,1,20,,0,0,0,1,0,25,1,1141,2,0,0,,,
900195,Kevin,0,0,,1,28,,0,0,0,1,0,23,1,905,2,0,0,,,
242631,Alex Iwobi,0,0,,7,135,,0,0,0,1,0,25,4,2146,3,0,0,,,
661207,Oscar Bobb,0,0,,3,282,,0,0,0,1,0,16,0,764,1,0,0,,,
279455,Harry Wilson,0,0,,11,281,,0,0,0,1,0,29,10,2279,6,0,0,,,
401922,Samuel Chukwueze,0,0,,13,334,,0,0,0,1,0,17,3,804,4,0,0,,,
735571,Rodrigo Muniz,0,0,,7,258,,0,0,0,1,0,14,1,580,1,0,0,,,
206040,Raúl Jiménez,0,0,,12,488,,0,0,0,1,0,30,9,1986,3,0,0,,,
1069512,Jonah Kusi-Asare,0,0,,3,142,,0,0,0,1,0,5,0,30,0,0,0,,,
646991,Robin Roefs,0,0,,3,186,,0,0,0,1,0,28,0,2520,3,0,0,,,
605426,Melker Ellborg,0,0,,0,0,,0,0,0,1,0,3,0,270,0,0,0,,,
123536,Simon Moore,0,0,,2,113,,0,0,0,1,0,0,0,0,0,0,0,,,
503686,Dan Ballard,0,0,,10,728,,0,0,0,1,0,26,2,2007,2,0,0,,,
353032,Omar Alderete,0,0,,8,118,,0,0,0,1,0,0,0,0,0,0,0,,,
282939,Luke O'Nien,0,0,,2,185,,0,0,0,1,0,8,0,227,0,0,0,,,
568006,Dennis Cirkin,0,0,,12,454,,0,0,0,1,0,0,0,0,0,0,0,,,
240692,Reinildo Mandava,0,0,,3,306,,0,0,0,1,0,18,0,1429,2,0,0,,,
515544,Trai Hume,0,0,,0,0,,0,0,0,1,0,31,0,2584,1,0,0,,,
420210,Lutsharel Geertruida,0,0,,10,237,,0,0,0,1,0,25,0,1415,0,0,0,,,
348026,Nordi Mukiele,0,0,,9,273,,0,0,0,1,0,25,1,2165,4,0,0,,,
111455,Granit Xhaka,0,0,,15,234,,0,0,0,1,0,27,1,2271,5,0,0,,,
876631,Habib Diarra,0,0,,8,245,,0,0,0,1,0,14,2,1104,1,0,0,,,
727089,Noah Sadiki,0,0,,0,0,,0,0,0,1,0,26,0,2297,0,0,0,,,
633992,Enzo Le Fée,0,0,,5,130,,0,0,0,1,0,29,4,2306,4,0,0,,,
654412,Abdoullah Ba,0,0,,0,0,,0,0,0,1,2,1,0,45,0,0,0,,,
947411,Chris Rigg,0,0,,0,0,,0,0,0,1,0,13,0,562,0,0,0,,,
942738,Milan Aleksic,,,,0,0,,0,0,0,1,2,2,0,150,0,0,,,,
937840,Harrison Jones,0,0,,1,36,,0,0,0,1,2,6,4,494,2,0,0,,,
903611,Nilson Angulo,0,0,,1,4,,0,0,0,1,0,5,0,257,0,0,0,,,
696181,Romaine Mundle,0,0,,3,195,,0,0,0,1,0,14,0,401,0,0,0,,,
743384,Chemsdine Talbi,0,0,,4,262,,0,0,0,0,0,23,4,1330,2,0,0,,,
131996,Bertrand Traoré,0,0,,15,465,,0,0,0,1,0,12,1,639,0,0,0,,,
1322090,Jocelin Ta Bi,0,0,,1,98,,0,0,0,1,0,1,0,39,0,0,0,,,
473169,Brian Brobbey,0,0,,15,210,,0,0,0,1,0,24,6,1370,1,0,0,,,
967346,Eliezer Mayenda,0,0,,2,133,,0,0,0,1,0,19,2,755,0,0,0,,,
494237,Wilson Isidor,0,0,,4,188,,0,0,0,1,0,26,4,1067,0,0,0,,,
1015619,Ahmed Abdullahi,0,0,,0,0,,0,0,0,1,2,2,3,125,0,0,0,,,
400536,Mads Hermansen,0,0,,5,189,,0,0,0,1,0,11,0,990,0,0,0,,,
120629,Alphonse Areola,0,0,,4,56,,0,0,0,1,0,20,0,1800,0,0,0,,,
29692,Lukasz Fabianski,,,,15,706,,0,0,0,1,0,0,0,0,0,0,,,,
605184,Jean-Clair Todibo,0,0,,12,296,,0,0,0,1,0,20,0,1702,1,0,0,,,
525247,Maximilian Kilman,0,0,,1,40,,0,0,0,0,0,21,0,1558,0,0,0,,,
386047,Axel Disasi,0,0,,5,99,,0,0,0,1,0,7,0,630,0,0,0,,,
415912,Konstantinos Mavropanos,0,0,,15,317,,0,0,0,1,0,24,1,1902,0,0,0,,,
1107726,Ezra Mayers,0,0,,0,0,,0,0,0,1,2,9,1,810,1,0,0,,,
1111589,El Hadji Malick Diouf,0,0,,2,46,,0,0,0,1,0,25,0,2097,5,0,0,,,
922563,Oliver Scarles,0,0,,2,78,,0,0,0,1,0,12,0,658,1,0,0,,,
477758,Aaron Wan-Bissaka,0,0,,11,274,,0,0,0,0,0,22,0,1906,3,0,0,,,
341051,Kyle Walker-Peters,0,0,,7,154,,0,0,0,1,0,18,1,955,0,0,0,,,
745181,Soungoutou Magassa,0,0,,2,57,,0,0,0,1,0,20,1,972,0,0,0,,,
283628,Tomáš Souček,0,0,,2,16,,0,0,0,1,0,28,4,1596,0,0,0,,,
698164,Freddie Potts,0,0,,0,0,,0,0,0,1,0,20,0,1144,1,0,0,,,
880245,Mateus Fernandes,0,0,,0,0,,0,0,0,1,0,29,3,2401,3,0,0,,,
474701,Crysencio Summerville,0,0,,7,394,,0,0,0,1,0,24,5,1868,3,0,0,,,
1004203,Keiber Lamadrid,0,0,,1,30,,0,0,0,1,2,3,1,194,1,0,0,,,
314875,Jarrod Bowen,0,0,,3,50,,0,0,0,1,0,31,8,2781,6,0,0,,,
204103,Adama Traoré,0,0,,15,368,,0,0,0,1,0,22,0,349,0,0,0,,,
522784,Taty Castellanos,0,0,,8,149,,0,0,0,0,0,11,2,867,0,0,0,,,
817665,Pablo,0,0,,4,88,,0,0,0,1,0,7,0,409,0,0,0,,,
123682,Callum Wilson,0,0,,15,677,,0,0,0,1,0,25,5,1045,1,0,0,,,
352041,Lucas Perri,0,0,,1,32,,0,0,0,1,0,16,0,1440,2,0,0,,,
542586,Illan Meslier,0,0,,1,23,,0,0,0,1,2,2,0,180,0,0,0,,,
99397,Karl Darlow,0,0,,8,358,,0,0,0,1,0,15,0,1350,1,0,0,,,
194386,Alex Cairns,0,0,,0,0,,0,0,0,1,2,1,0,90,0,0,0,,,
410708,Pascal Struijk,0,0,,4,209,,0,0,0,1,0,28,0,2431,1,0,0,,,
371851,Jaka Bijol,0,0,,10,205,,0,0,0,1,0,18,1,1309,1,0,0,,,
297212,Joe Rodon,0,0,,6,202,,0,0,0,1,0,29,2,2548,0,0,0,,,
338629,Sebastiaan Bornauw,0,0,,12,435,,0,0,0,0,0,9,0,308,0,0,0,,,
362108,Gabriel Gudmundsson,0,0,,7,304,,0,0,0,1,0,29,0,2369,0,1,0,,,
236953,Sam Byram,0,0,,8,958,,0,0,0,1,0,1,0,7,0,0,0,,,
465717,Jayden Bogle,0,0,,2,245,,0,0,0,1,0,29,1,2412,3,0,0,,,
413220,James Justin,0,0,,3,547,,0,0,0,1,0,22,1,1266,1,0,0,,,
392771,Ethan Ampadu,0,0,,11,507,,0,0,0,1,0,28,1,2493,1,0,0,,,
344069,Anton Stach,0,0,,11,241,,0,0,0,1,0,26,4,2142,3,0,0,,,
381753,Ilia Gruev,,,,0,0,,0,0,0,0,0,0,0,0,0,0,,,,
883539,Charlie Crew,,,,0,0,,0,0,0,0,0,0,0,0,0,0,,,,
346707,Sean Longstaff,,,,0,0,,0,0,0,0,0,0,0,0,0,0,,,,
489359,Ao Tanaka,,,,0,0,,0,0,0,0,0,0,0,0,0,0,,,,
393323,Brenden Aaronson,,,,0,0,,0,0,0,0,0,0,0,0,0,0,,,,
983989,Facundo Buonanotte,,,,0,0,,0,0,0,0,0,0,0,0,0,0,,,,
346890,Noah Okafor,,,,0,0,,0,0,0,0,0,0,0,0,0,0,,,,
627626,Wilfried Gnonto,,,,0,0,,0,0,0,0,0,0,0,0,0,0,,,,
319301,Daniel James,,,,0,0,,0,0,0,0,0,0,0,0,0,0,,,,
306024,Dominic Calvert-Lewin,,,,0,0,,0,0,0,0,0,0,0,0,0,0,,,,
369962,Joël Piroe,,,,0,0,,0,0,0,0,0,0,0,0,0,0,,,,
314288,Lukas Nmecha,,,,0,0,,0,0,0,0,0,0,0,0,0,0,,,,
249994,José Sá,,,,0,0,,0,0,0,0,0,0,0,0,0,0,,,,
110864,Sam Johnstone,,,,5,308,,0,0,0,1,0,12,0,1080,0,0,,,,
136401,Daniel Bentley,0,0,,2,67,,0,0,0,1,0,0,0,0,0,0,0,,,
345911,Ladislav Krejci,,,,13,489,,0,0,0,1,0,24,2,2040,1,1,,,,
606718,Toti,0,0,,4,116,,0,0,0,1,0,14,0,1043,0,0,0,,,
716276,Yerson Mosquera,0,0,,4,514,,0,0,0,1,0,22,0,1712,0,0,0,,,
438001,Santiago Bueno,0,0,,9,243,,0,0,0,0,0,0,0,0,0,0,0,,,
698678,Hugo Bueno,,,,0,0,,0,0,0,0,0,0,0,0,0,0,,,,
661427,David Møller Wolfe,,,,0,0,,0,0,0,0,0,0,0,0,0,0,,,,
848509,Jackson Tchatchoua,,,,0,0,,0,0,0,0,0,0,0,0,0,0,,,,
1193867,Pedro Lima,,,,0,0,,0,0,0,0,0,0,0,0,0,0,,,,
171679,Matt Doherty,,,,0,0,,0,0,0,0,0,0,0,0,0,0,,,,
800176,André,,,,0,0,,0,0,0,0,0,0,0,0,0,0,,,,
735570,João Gomes,,,,0,0,,0,0,0,0,0,0,0,0,0,0,,,,
450050,Jean-Ricner Bellegarde,,,,0,0,,0,0,0,0,0,0,0,0,0,0,,,,
667121,Rodrigo Gomes,,,,0,0,,0,0,0,0,0,0,0,0,0,0,,,,
1230661,Mateus Mané,,,,0,0,,0,0,0,0,0,0,0,0,0,0,,,,
392770,Angel Gomes,,,,0,0,,0,0,0,0,0,0,0,0,0,0,,,,
1060740,Enso González,,,,0,0,,0,0,0,0,0,0,0,0,0,0,,,,
683571,Tolu Arokodare,,,,0,0,,0,0,0,0,0,0,0,0,0,0,,,,
250426,Adam Armstrong,,,,0,0,,0,0,0,0,0,0,0,0,0,0,,,,
292246,Hee-chan Hwang,,,,0,0,,0,0,0,0,0,0,0,0,0,0,,,,
863741,Nathan Fraser,,,,0,0,,0,0,0,0,0,0,0,0,0,0,,,,
829299,Max Weiß,,,,0,0,,0,0,0,0,0,0,0,0,0,0,,,,
74960,Martin Dúbravka,0,0,,9,281,,0,0,0,1,0,31,0,2790,1,0,0,,,
95795,Václav Hladký,0,0,,1,25,,0,0,0,1,0,0,0,0,0,0,0,,,
842341,Maxime Estève,0,0,,3,108,,0,0,0,0,0,28,0,2406,0,0,0,,,
612517,Bashir Humphreys,0,0,,3,267,,0,0,0,1,0,15,0,1240,2,0,0,,,
392179,Hjalmar Ekdal,0,0,,2,265,,0,0,0,1,0,15,0,1180,0,0,0,,,
342046,Axel Tuanzebe,0,0,,14,798,,0,0,0,1,0,11,1,932,0,0,0,,,
415970,Joe Worrall,0,0,,8,364,,0,0,0,1,0,11,0,497,0,0,0,,,
403898,Jordan Beyer,0,0,,15,1092,,0,0,0,1,0,0,0,0,0,0,0,,,
514285,Quilindschy Hartman,0,0,,13,823,,0,0,0,1,0,17,0,1503,4,0,0,,,
927768,Lucas Pires,0,0,,1,5,,0,0,0,1,0,15,0,1103,0,0,0,,,
95424,Kyle Walker,0,0,,15,455,,0,0,0,1,0,29,0,2549,2,0,0,,,
214666,Connor Roberts,0,0,,4,422,,0,0,0,1,0,0,0,0,0,0,0,,,
711999,Lesley Ugochukwu,0,0,,3,203,,0,0,0,1,0,30,3,1983,2,1,0,,,
357162,Florentino,0,0,,4,79,,0,0,0,1,0,24,0,1661,2,0,0,,,
181579,James Ward-Prowse,0,0,,4,99,,0,0,0,0,0,11,0,732,1,0,0,,,
242606,Josh Cullen,0,0,,4,335,,0,0,0,1,0,18,2,1520,2,0,0,,,
314241,Josh Laurent,0,0,,3,109,,0,0,0,1,0,28,1,1581,0,0,0,,,
607224,Hannibal,0,0,,1,3,,0,0,0,1,0,23,1,990,3,0,0,,,
381963,Mike Tresor,0,0,,4,186,,0,0,0,1,0,0,0,0,0,0,0,,,
684210,Jaidon Anthony,0,0,,0,0,,0,0,0,1,0,30,7,2123,3,0,0,,,
293281,Jacob Bruun Larsen,0,0,,15,417,,0,0,0,1,0,23,0,970,1,0,0,,,
607226,Loum Tchaouna,0,0,,1,12,,0,0,0,1,0,23,1,854,0,0,0,,,
314367,Marcus Edwards,0,0,,8,209,,0,0,0,1,0,19,1,908,3,0,0,,,
411537,Zian Flemming,0,0,,2,51,,0,0,0,1,0,22,8,1191,0,0,0,,,
467623,Lyle Foster,0,0,,11,262,,0,0,0,1,0,23,3,1307,2,0,0,,,
548729,Zeki Amdouni,0,0,,7,384,,0,0,0,1,0,0,0,0,0,0,0,,,
571743,Armando Broja,0,0,,0,0,,0,0,0,1,0,20,1,813,1,0,0,,,
63200,Ashley Barnes,0,0,,10,816,,0,0,0,1,0,6,0,35,0,0,0,,,
